{"bitcoin": 1.6000000000000003, "ethereum": 2.3000000000000003, "cardano": 100.99999999999994, "solana": 23.60000000000005, "dogecoin": 3.1000000000000014, "binancecoin": 0.6}